loc,domain,first_seen_at,last_seen_at,is_current_live,live_status,last_lastmod,last_sitemap_source_url,section,subsection,path_depth
https://www.rocketmortgage.com/about,rocketmortgage.com,2025-12-10 09:19:50.366153+00:00,2025-12-10 09:56:00.862516+00:00,True,current_live,,https://www.rocketmortgage.com/sitemap.xml,,,
https://www.rocketmortgage.com/applications/rocket-mortgage,rocketmortgage.com,2025-12-10 09:19:50.366153+00:00,2025-12-10 09:56:00.862516+00:00,True,current_live,,https://www.rocketmortgage.com/sitemap.xml,,,
https://www.rocketmortgage.com/calculators,rocketmortgage.com,2025-12-10 09:19:50.366153+00:00,2025-12-10 09:56:00.862516+00:00,True,current_live,,https://www.rocketmortgage.com/sitemap.xml,,,
https://www.rocketmortgage.com/calculators/amortization-calculator,rocketmortgage.com,2025-12-10 09:19:50.366153+00:00,2025-12-10 09:56:00.862516+00:00,True,current_live,,https://www.rocketmortgage.com/sitemap.xml,,,
https://www.rocketmortgage.com/calculators/down-payment-calculator,rocketmortgage.com,2025-12-10 09:19:50.366153+00:00,2025-12-10 09:56:00.862516+00:00,True,current_live,,https://www.rocketmortgage.com/sitemap.xml,,,
https://www.rocketmortgage.com/calculators/home-affordability-calculator,rocketmortgage.com,2025-12-10 09:19:50.366153+00:00,2025-12-10 09:56:00.862516+00:00,True,current_live,,https://www.rocketmortgage.com/sitemap.xml,,,
https://www.rocketmortgage.com/calculators/home-affordability-calculator-results,rocketmortgage.com,2025-12-10 09:19:50.366153+00:00,2025-12-10 09:56:00.862516+00:00,True,current_live,,https://www.rocketmortgage.com/sitemap.xml,,,
https://www.rocketmortgage.com/calculators/home-equity-calculator,rocketmortgage.com,2025-12-10 09:19:50.366153+00:00,2025-12-10 09:56:00.862516+00:00,True,current_live,,https://www.rocketmortgage.com/sitemap.xml,,,
https://www.rocketmortgage.com/calculators/mortgage-calculator,rocketmortgage.com,2025-12-10 09:19:50.366153+00:00,2025-12-10 09:56:00.862516+00:00,True,current_live,,https://www.rocketmortgage.com/sitemap.xml,,,
https://www.rocketmortgage.com/calculators/mortgage-payoff-calculator,rocketmortgage.com,2025-12-10 09:19:50.366153+00:00,2025-12-10 09:56:00.862516+00:00,True,current_live,,https://www.rocketmortgage.com/sitemap.xml,,,
https://www.rocketmortgage.com/calculators/refinance-calculator,rocketmortgage.com,2025-12-10 09:19:50.366153+00:00,2025-12-10 09:56:00.862516+00:00,True,current_live,,https://www.rocketmortgage.com/sitemap.xml,,,
https://www.rocketmortgage.com/calculators/rent-vs-buy,rocketmortgage.com,2025-12-10 09:19:50.366153+00:00,2025-12-10 09:56:00.862516+00:00,True,current_live,,https://www.rocketmortgage.com/sitemap.xml,,,
https://www.rocketmortgage.com/canada,rocketmortgage.com,2025-12-10 09:19:50.366153+00:00,2025-12-10 09:56:00.862516+00:00,True,current_live,,https://www.rocketmortgage.com/sitemap.xml,,,
https://www.rocketmortgage.com/down-payment-assistance,rocketmortgage.com,2025-12-10 09:19:50.366153+00:00,2025-12-10 09:56:00.862516+00:00,True,current_live,,https://www.rocketmortgage.com/sitemap.xml,,,
https://www.rocketmortgage.com/es,rocketmortgage.com,2025-12-10 09:19:50.366153+00:00,2025-12-10 09:56:00.862516+00:00,True,current_live,,https://www.rocketmortgage.com/sitemap.xml,,,
https://www.rocketmortgage.com/es/,rocketmortgage.com,2025-12-10 09:19:50.366153+00:00,2025-12-10 09:56:00.862516+00:00,True,current_live,,https://www.rocketmortgage.com/sitemap.xml,,,
https://www.rocketmortgage.com/es/faqs,rocketmortgage.com,2025-12-10 09:19:50.366153+00:00,2025-12-10 09:56:00.862516+00:00,True,current_live,,https://www.rocketmortgage.com/sitemap.xml,,,
https://www.rocketmortgage.com/es/financia-tus-suenos,rocketmortgage.com,2025-12-10 09:19:50.366153+00:00,2025-12-10 09:56:00.862516+00:00,True,current_live,,https://www.rocketmortgage.com/sitemap.xml,,,
https://www.rocketmortgage.com/es/legal,rocketmortgage.com,2025-12-10 09:19:50.366153+00:00,2025-12-10 09:56:00.862516+00:00,True,current_live,,https://www.rocketmortgage.com/sitemap.xml,,,
https://www.rocketmortgage.com/es/legal/politica-de-correo-electronico-y-de-mensajes-de-texto,rocketmortgage.com,2025-12-10 09:19:50.366153+00:00,2025-12-10 09:56:00.862516+00:00,True,current_live,,https://www.rocketmortgage.com/sitemap.xml,,,
https://www.rocketmortgage.com/es/legal/revelaciones-y-licencias,rocketmortgage.com,2025-12-10 09:19:50.366153+00:00,2025-12-10 09:56:00.862516+00:00,True,current_live,,https://www.rocketmortgage.com/sitemap.xml,,,
https://www.rocketmortgage.com/es/legal/terminos-de-uso,rocketmortgage.com,2025-12-10 09:19:50.366153+00:00,2025-12-10 09:56:00.862516+00:00,True,current_live,,https://www.rocketmortgage.com/sitemap.xml,,,
https://www.rocketmortgage.com/es/prestamos-hipotecarios,rocketmortgage.com,2025-12-10 09:19:50.366153+00:00,2025-12-10 09:56:00.862516+00:00,True,current_live,,https://www.rocketmortgage.com/sitemap.xml,,,
https://www.rocketmortgage.com/es/prestamos-hipotecarios/hipoteca-con-tasa-de-interes-ajustable,rocketmortgage.com,2025-12-10 09:19:50.366153+00:00,2025-12-10 09:56:00.862516+00:00,True,current_live,,https://www.rocketmortgage.com/sitemap.xml,,,
https://www.rocketmortgage.com/es/prestamos-hipotecarios/homeready-y-home-possible,rocketmortgage.com,2025-12-10 09:19:50.366153+00:00,2025-12-10 09:56:00.862516+00:00,True,current_live,,https://www.rocketmortgage.com/sitemap.xml,,,
https://www.rocketmortgage.com/es/prestamos-hipotecarios/jumbo-smart,rocketmortgage.com,2025-12-10 09:19:50.366153+00:00,2025-12-10 09:56:00.862516+00:00,True,current_live,,https://www.rocketmortgage.com/sitemap.xml,,,
https://www.rocketmortgage.com/es/prestamos-hipotecarios/one-plus,rocketmortgage.com,2025-12-10 09:19:50.366153+00:00,2025-12-10 09:56:00.862516+00:00,True,current_live,,https://www.rocketmortgage.com/sitemap.xml,,,
https://www.rocketmortgage.com/es/prestamos-hipotecarios/prestamo-de-fha,rocketmortgage.com,2025-12-10 09:19:50.366153+00:00,2025-12-10 09:56:00.862516+00:00,True,current_live,,https://www.rocketmortgage.com/sitemap.xml,,,
https://www.rocketmortgage.com/es/prestamos-hipotecarios/prestamo-de-va,rocketmortgage.com,2025-12-10 09:19:50.366153+00:00,2025-12-10 09:56:00.862516+00:00,True,current_live,,https://www.rocketmortgage.com/sitemap.xml,,,
https://www.rocketmortgage.com/es/prestamos-hipotecarios/prestamo-sobre-la-plusvalia,rocketmortgage.com,2025-12-10 09:19:50.366153+00:00,2025-12-10 09:56:00.862516+00:00,True,current_live,,https://www.rocketmortgage.com/sitemap.xml,,,
https://www.rocketmortgage.com/es/prestamos-hipotecarios/tasa-fija-a-15-anos,rocketmortgage.com,2025-12-10 09:19:50.366153+00:00,2025-12-10 09:56:00.862516+00:00,True,current_live,,https://www.rocketmortgage.com/sitemap.xml,,,
https://www.rocketmortgage.com/es/prestamos-hipotecarios/tasa-fija-a-30-anos,rocketmortgage.com,2025-12-10 09:19:50.366153+00:00,2025-12-10 09:56:00.862516+00:00,True,current_live,,https://www.rocketmortgage.com/sitemap.xml,,,
https://www.rocketmortgage.com/es/refinanciar,rocketmortgage.com,2025-12-10 09:19:50.366153+00:00,2025-12-10 09:56:00.862516+00:00,True,current_live,,https://www.rocketmortgage.com/sitemap.xml,,,
https://www.rocketmortgage.com/es/refinanciar/empezar,rocketmortgage.com,2025-12-10 09:19:50.366153+00:00,2025-12-10 09:56:00.862516+00:00,True,current_live,,https://www.rocketmortgage.com/sitemap.xml,,,
https://www.rocketmortgage.com/es/soluciones-reales-en-rocket,rocketmortgage.com,2025-12-10 09:19:50.366153+00:00,2025-12-10 09:56:00.862516+00:00,True,current_live,,https://www.rocketmortgage.com/sitemap.xml,,,
https://www.rocketmortgage.com/home-loans/bridge-loan,rocketmortgage.com,2025-12-10 09:19:50.366153+00:00,2025-12-10 09:56:00.862516+00:00,True,current_live,,https://www.rocketmortgage.com/sitemap.xml,,,
https://www.rocketmortgage.com/home-loans/refinance-cash-out,rocketmortgage.com,2025-12-10 09:19:50.366153+00:00,2025-12-10 09:56:00.862516+00:00,True,current_live,,https://www.rocketmortgage.com/sitemap.xml,,,
https://www.rocketmortgage.com/legal/communication-terms,rocketmortgage.com,2025-12-10 09:19:50.366153+00:00,2025-12-10 09:56:00.862516+00:00,True,current_live,,https://www.rocketmortgage.com/sitemap.xml,,,
https://www.rocketmortgage.com/legal/data-partners,rocketmortgage.com,2025-12-10 09:19:50.366153+00:00,2025-12-10 09:56:00.862516+00:00,True,current_live,,https://www.rocketmortgage.com/sitemap.xml,,,
https://www.rocketmortgage.com/legal/mobile-disclaimers,rocketmortgage.com,2025-12-10 09:19:50.366153+00:00,2025-12-10 09:56:00.862516+00:00,True,current_live,,https://www.rocketmortgage.com/sitemap.xml,,,
https://www.rocketmortgage.com/login,rocketmortgage.com,2025-12-10 09:19:50.366153+00:00,2025-12-10 09:56:00.862516+00:00,True,current_live,,https://www.rocketmortgage.com/sitemap.xml,,,
https://www.rocketmortgage.com/mortgage-rates,rocketmortgage.com,2025-12-10 09:19:50.366153+00:00,2025-12-10 09:56:00.862516+00:00,True,current_live,,https://www.rocketmortgage.com/sitemap.xml,,,
https://www.rocketmortgage.com/mortgage-rates/15-year-mortgage-rates,rocketmortgage.com,2025-12-10 09:19:50.366153+00:00,2025-12-10 09:56:00.862516+00:00,True,current_live,,https://www.rocketmortgage.com/sitemap.xml,,,
https://www.rocketmortgage.com/mortgage-rates/30-year-mortgage-rates,rocketmortgage.com,2025-12-10 09:19:50.366153+00:00,2025-12-10 09:56:00.862516+00:00,True,current_live,,https://www.rocketmortgage.com/sitemap.xml,,,
https://www.rocketmortgage.com/mortgage-rates/alabama-mortgage-rates,rocketmortgage.com,2025-12-10 09:19:50.366153+00:00,2025-12-10 09:56:00.862516+00:00,True,current_live,,https://www.rocketmortgage.com/sitemap.xml,,,
https://www.rocketmortgage.com/mortgage-rates/alaska-mortgage-rates,rocketmortgage.com,2025-12-10 09:19:50.366153+00:00,2025-12-10 09:56:00.862516+00:00,True,current_live,,https://www.rocketmortgage.com/sitemap.xml,,,
https://www.rocketmortgage.com/mortgage-rates/arizona-mortgage-rates,rocketmortgage.com,2025-12-10 09:19:50.366153+00:00,2025-12-10 09:56:00.862516+00:00,True,current_live,,https://www.rocketmortgage.com/sitemap.xml,,,
https://www.rocketmortgage.com/mortgage-rates/arkansas-mortgage-rates,rocketmortgage.com,2025-12-10 09:19:50.366153+00:00,2025-12-10 09:56:00.862516+00:00,True,current_live,,https://www.rocketmortgage.com/sitemap.xml,,,
https://www.rocketmortgage.com/mortgage-rates/california-mortgage-rates,rocketmortgage.com,2025-12-10 09:19:50.366153+00:00,2025-12-10 09:56:00.862516+00:00,True,current_live,,https://www.rocketmortgage.com/sitemap.xml,,,
https://www.rocketmortgage.com/mortgage-rates/colorado-mortgage-rates,rocketmortgage.com,2025-12-10 09:19:50.366153+00:00,2025-12-10 09:56:00.862516+00:00,True,current_live,,https://www.rocketmortgage.com/sitemap.xml,,,
https://www.rocketmortgage.com/mortgage-rates/connecticut-mortgage-rates,rocketmortgage.com,2025-12-10 09:19:50.366153+00:00,2025-12-10 09:56:00.862516+00:00,True,current_live,,https://www.rocketmortgage.com/sitemap.xml,,,
https://www.rocketmortgage.com/mortgage-rates/delaware-mortgage-rates,rocketmortgage.com,2025-12-10 09:19:50.366153+00:00,2025-12-10 09:56:00.862516+00:00,True,current_live,,https://www.rocketmortgage.com/sitemap.xml,,,
https://www.rocketmortgage.com/mortgage-rates/district-of-columbia-mortgage-rates,rocketmortgage.com,2025-12-10 09:19:50.366153+00:00,2025-12-10 09:56:00.862516+00:00,True,current_live,,https://www.rocketmortgage.com/sitemap.xml,,,
https://www.rocketmortgage.com/mortgage-rates/fha-loan-rates,rocketmortgage.com,2025-12-10 09:19:50.366153+00:00,2025-12-10 09:56:00.862516+00:00,True,current_live,,https://www.rocketmortgage.com/sitemap.xml,,,
https://www.rocketmortgage.com/mortgage-rates/florida-mortgage-rates,rocketmortgage.com,2025-12-10 09:19:50.366153+00:00,2025-12-10 09:56:00.862516+00:00,True,current_live,,https://www.rocketmortgage.com/sitemap.xml,,,
https://www.rocketmortgage.com/mortgage-rates/georgia-mortgage-rates,rocketmortgage.com,2025-12-10 09:19:50.366153+00:00,2025-12-10 09:56:00.862516+00:00,True,current_live,,https://www.rocketmortgage.com/sitemap.xml,,,
https://www.rocketmortgage.com/mortgage-rates/hawaii-mortgage-rates,rocketmortgage.com,2025-12-10 09:19:50.366153+00:00,2025-12-10 09:56:00.862516+00:00,True,current_live,,https://www.rocketmortgage.com/sitemap.xml,,,
https://www.rocketmortgage.com/mortgage-rates/idaho-mortgage-rates,rocketmortgage.com,2025-12-10 09:19:50.366153+00:00,2025-12-10 09:56:00.862516+00:00,True,current_live,,https://www.rocketmortgage.com/sitemap.xml,,,
https://www.rocketmortgage.com/mortgage-rates/illinois-mortgage-rates,rocketmortgage.com,2025-12-10 09:19:50.366153+00:00,2025-12-10 09:56:00.862516+00:00,True,current_live,,https://www.rocketmortgage.com/sitemap.xml,,,
https://www.rocketmortgage.com/mortgage-rates/indiana-mortgage-rates,rocketmortgage.com,2025-12-10 09:19:50.366153+00:00,2025-12-10 09:56:00.862516+00:00,True,current_live,,https://www.rocketmortgage.com/sitemap.xml,,,
https://www.rocketmortgage.com/mortgage-rates/iowa-mortgage-rates,rocketmortgage.com,2025-12-10 09:19:50.366153+00:00,2025-12-10 09:56:00.862516+00:00,True,current_live,,https://www.rocketmortgage.com/sitemap.xml,,,
https://www.rocketmortgage.com/mortgage-rates/jumbo-loan-rates,rocketmortgage.com,2025-12-10 09:19:50.366153+00:00,2025-12-10 09:56:00.862516+00:00,True,current_live,,https://www.rocketmortgage.com/sitemap.xml,,,
https://www.rocketmortgage.com/mortgage-rates/kansas-mortgage-rates,rocketmortgage.com,2025-12-10 09:19:50.366153+00:00,2025-12-10 09:56:00.862516+00:00,True,current_live,,https://www.rocketmortgage.com/sitemap.xml,,,
https://www.rocketmortgage.com/mortgage-rates/kentucky-mortgage-rates,rocketmortgage.com,2025-12-10 09:19:50.366153+00:00,2025-12-10 09:56:00.862516+00:00,True,current_live,,https://www.rocketmortgage.com/sitemap.xml,,,
https://www.rocketmortgage.com/mortgage-rates/louisiana-mortgage-rates,rocketmortgage.com,2025-12-10 09:19:50.366153+00:00,2025-12-10 09:56:00.862516+00:00,True,current_live,,https://www.rocketmortgage.com/sitemap.xml,,,
https://www.rocketmortgage.com/mortgage-rates/maine-mortgage-rates,rocketmortgage.com,2025-12-10 09:19:50.366153+00:00,2025-12-10 09:56:00.862516+00:00,True,current_live,,https://www.rocketmortgage.com/sitemap.xml,,,
https://www.rocketmortgage.com/mortgage-rates/maryland-mortgage-rates,rocketmortgage.com,2025-12-10 09:19:50.366153+00:00,2025-12-10 09:56:00.862516+00:00,True,current_live,,https://www.rocketmortgage.com/sitemap.xml,,,
https://www.rocketmortgage.com/mortgage-rates/massachusetts-mortgage-rates,rocketmortgage.com,2025-12-10 09:19:50.366153+00:00,2025-12-10 09:56:00.862516+00:00,True,current_live,,https://www.rocketmortgage.com/sitemap.xml,,,
https://www.rocketmortgage.com/mortgage-rates/michigan-mortgage-rates,rocketmortgage.com,2025-12-10 09:19:50.366153+00:00,2025-12-10 09:56:00.862516+00:00,True,current_live,,https://www.rocketmortgage.com/sitemap.xml,,,
https://www.rocketmortgage.com/mortgage-rates/minnesota-mortgage-rates,rocketmortgage.com,2025-12-10 09:19:50.366153+00:00,2025-12-10 09:56:00.862516+00:00,True,current_live,,https://www.rocketmortgage.com/sitemap.xml,,,
https://www.rocketmortgage.com/mortgage-rates/mississippi-mortgage-rates,rocketmortgage.com,2025-12-10 09:19:50.366153+00:00,2025-12-10 09:56:00.862516+00:00,True,current_live,,https://www.rocketmortgage.com/sitemap.xml,,,
https://www.rocketmortgage.com/mortgage-rates/missouri-mortgage-rates,rocketmortgage.com,2025-12-10 09:19:50.366153+00:00,2025-12-10 09:56:00.862516+00:00,True,current_live,,https://www.rocketmortgage.com/sitemap.xml,,,
https://www.rocketmortgage.com/mortgage-rates/montana-mortgage-rates,rocketmortgage.com,2025-12-10 09:19:50.366153+00:00,2025-12-10 09:56:00.862516+00:00,True,current_live,,https://www.rocketmortgage.com/sitemap.xml,,,
https://www.rocketmortgage.com/mortgage-rates/nebraska-mortgage-rates,rocketmortgage.com,2025-12-10 09:19:50.366153+00:00,2025-12-10 09:56:00.862516+00:00,True,current_live,,https://www.rocketmortgage.com/sitemap.xml,,,
https://www.rocketmortgage.com/mortgage-rates/nevada-mortgage-rates,rocketmortgage.com,2025-12-10 09:19:50.366153+00:00,2025-12-10 09:56:00.862516+00:00,True,current_live,,https://www.rocketmortgage.com/sitemap.xml,,,
https://www.rocketmortgage.com/mortgage-rates/new-hampshire-mortgage-rates,rocketmortgage.com,2025-12-10 09:19:50.366153+00:00,2025-12-10 09:56:00.862516+00:00,True,current_live,,https://www.rocketmortgage.com/sitemap.xml,,,
https://www.rocketmortgage.com/mortgage-rates/new-jersey-mortgage-rates,rocketmortgage.com,2025-12-10 09:19:50.366153+00:00,2025-12-10 09:56:00.862516+00:00,True,current_live,,https://www.rocketmortgage.com/sitemap.xml,,,
https://www.rocketmortgage.com/mortgage-rates/new-mexico-mortgage-rates,rocketmortgage.com,2025-12-10 09:19:50.366153+00:00,2025-12-10 09:56:00.862516+00:00,True,current_live,,https://www.rocketmortgage.com/sitemap.xml,,,
https://www.rocketmortgage.com/mortgage-rates/new-york-mortgage-rates,rocketmortgage.com,2025-12-10 09:19:50.366153+00:00,2025-12-10 09:56:00.862516+00:00,True,current_live,,https://www.rocketmortgage.com/sitemap.xml,,,
https://www.rocketmortgage.com/mortgage-rates/north-carolina-mortgage-rates,rocketmortgage.com,2025-12-10 09:19:50.366153+00:00,2025-12-10 09:56:00.862516+00:00,True,current_live,,https://www.rocketmortgage.com/sitemap.xml,,,
https://www.rocketmortgage.com/mortgage-rates/north-dakota-mortgage-rates,rocketmortgage.com,2025-12-10 09:19:50.366153+00:00,2025-12-10 09:56:00.862516+00:00,True,current_live,,https://www.rocketmortgage.com/sitemap.xml,,,
https://www.rocketmortgage.com/mortgage-rates/ohio-mortgage-rates,rocketmortgage.com,2025-12-10 09:19:50.366153+00:00,2025-12-10 09:56:00.862516+00:00,True,current_live,,https://www.rocketmortgage.com/sitemap.xml,,,
https://www.rocketmortgage.com/mortgage-rates/oklahoma-mortgage-rates,rocketmortgage.com,2025-12-10 09:19:50.366153+00:00,2025-12-10 09:56:00.862516+00:00,True,current_live,,https://www.rocketmortgage.com/sitemap.xml,,,
https://www.rocketmortgage.com/mortgage-rates/oregon-mortgage-rates,rocketmortgage.com,2025-12-10 09:19:50.366153+00:00,2025-12-10 09:56:00.862516+00:00,True,current_live,,https://www.rocketmortgage.com/sitemap.xml,,,
https://www.rocketmortgage.com/mortgage-rates/pennsylvania-mortgage-rates,rocketmortgage.com,2025-12-10 09:19:50.366153+00:00,2025-12-10 09:56:00.862516+00:00,True,current_live,,https://www.rocketmortgage.com/sitemap.xml,,,
https://www.rocketmortgage.com/mortgage-rates/rhode-island-mortgage-rates,rocketmortgage.com,2025-12-10 09:19:50.366153+00:00,2025-12-10 09:56:00.862516+00:00,True,current_live,,https://www.rocketmortgage.com/sitemap.xml,,,
https://www.rocketmortgage.com/mortgage-rates/south-carolina-mortgage-rates,rocketmortgage.com,2025-12-10 09:19:50.366153+00:00,2025-12-10 09:56:00.862516+00:00,True,current_live,,https://www.rocketmortgage.com/sitemap.xml,,,
https://www.rocketmortgage.com/mortgage-rates/south-dakota-mortgage-rates,rocketmortgage.com,2025-12-10 09:19:50.366153+00:00,2025-12-10 09:56:00.862516+00:00,True,current_live,,https://www.rocketmortgage.com/sitemap.xml,,,
https://www.rocketmortgage.com/mortgage-rates/tennessee-mortgage-rates,rocketmortgage.com,2025-12-10 09:19:50.366153+00:00,2025-12-10 09:56:00.862516+00:00,True,current_live,,https://www.rocketmortgage.com/sitemap.xml,,,
https://www.rocketmortgage.com/mortgage-rates/texas-mortgage-rates,rocketmortgage.com,2025-12-10 09:19:50.366153+00:00,2025-12-10 09:56:00.862516+00:00,True,current_live,,https://www.rocketmortgage.com/sitemap.xml,,,
https://www.rocketmortgage.com/mortgage-rates/utah-mortgage-rates,rocketmortgage.com,2025-12-10 09:19:50.366153+00:00,2025-12-10 09:56:00.862516+00:00,True,current_live,,https://www.rocketmortgage.com/sitemap.xml,,,
https://www.rocketmortgage.com/mortgage-rates/va-loan-rates,rocketmortgage.com,2025-12-10 09:19:50.366153+00:00,2025-12-10 09:56:00.862516+00:00,True,current_live,,https://www.rocketmortgage.com/sitemap.xml,,,
https://www.rocketmortgage.com/mortgage-rates/vermont-mortgage-rates,rocketmortgage.com,2025-12-10 09:19:50.366153+00:00,2025-12-10 09:56:00.862516+00:00,True,current_live,,https://www.rocketmortgage.com/sitemap.xml,,,
https://www.rocketmortgage.com/mortgage-rates/virginia-mortgage-rates,rocketmortgage.com,2025-12-10 09:19:50.366153+00:00,2025-12-10 09:56:00.862516+00:00,True,current_live,,https://www.rocketmortgage.com/sitemap.xml,,,
https://www.rocketmortgage.com/mortgage-rates/washington-mortgage-rates,rocketmortgage.com,2025-12-10 09:19:50.366153+00:00,2025-12-10 09:56:00.862516+00:00,True,current_live,,https://www.rocketmortgage.com/sitemap.xml,,,
https://www.rocketmortgage.com/mortgage-rates/west-virginia-mortgage-rates,rocketmortgage.com,2025-12-10 09:19:50.366153+00:00,2025-12-10 09:56:00.862516+00:00,True,current_live,,https://www.rocketmortgage.com/sitemap.xml,,,
https://www.rocketmortgage.com/mortgage-rates/wisconsin-mortgage-rates,rocketmortgage.com,2025-12-10 09:19:50.366153+00:00,2025-12-10 09:56:00.862516+00:00,True,current_live,,https://www.rocketmortgage.com/sitemap.xml,,,
https://www.rocketmortgage.com/mortgage-rates/wyoming-mortgage-rates,rocketmortgage.com,2025-12-10 09:19:50.366153+00:00,2025-12-10 09:56:00.862516+00:00,True,current_live,,https://www.rocketmortgage.com/sitemap.xml,,,
https://www.rocketmortgage.com/opt-out,rocketmortgage.com,2025-12-10 09:19:50.366153+00:00,2025-12-10 09:56:00.862516+00:00,True,current_live,,https://www.rocketmortgage.com/sitemap.xml,,,
https://www.rocketmortgage.com/privacy-rights,rocketmortgage.com,2025-12-10 09:19:50.366153+00:00,2025-12-10 09:56:00.862516+00:00,True,current_live,,https://www.rocketmortgage.com/sitemap.xml,,,
https://www.rocketmortgage.com/purchase,rocketmortgage.com,2025-12-10 09:19:50.366153+00:00,2025-12-10 09:56:00.862516+00:00,True,current_live,,https://www.rocketmortgage.com/sitemap.xml,,,
https://www.rocketmortgage.com/purchase-calculators,rocketmortgage.com,2025-12-10 09:19:50.366153+00:00,2025-12-10 09:56:00.862516+00:00,True,current_live,,https://www.rocketmortgage.com/sitemap.xml,,,
https://www.rocketmortgage.com/purchase/get-started,rocketmortgage.com,2025-12-10 09:19:50.366153+00:00,2025-12-10 09:56:00.862516+00:00,True,current_live,,https://www.rocketmortgage.com/sitemap.xml,,,
https://www.rocketmortgage.com/purchase/va-military-homebuyer,rocketmortgage.com,2025-12-10 09:19:50.366153+00:00,2025-12-10 09:56:00.862516+00:00,True,current_live,,https://www.rocketmortgage.com/sitemap.xml,,,
https://www.rocketmortgage.com/q,rocketmortgage.com,2025-12-10 09:19:50.366153+00:00,2025-12-10 09:56:00.862516+00:00,True,current_live,,https://www.rocketmortgage.com/sitemap.xml,,,
https://www.rocketmortgage.com/rate-updates,rocketmortgage.com,2025-12-10 09:19:50.366153+00:00,2025-12-10 09:56:00.862516+00:00,True,current_live,,https://www.rocketmortgage.com/sitemap.xml,,,
https://www.rocketmortgage.com/real-estate-agents,rocketmortgage.com,2025-12-10 09:19:50.366153+00:00,2025-12-10 09:56:00.862516+00:00,True,current_live,,https://www.rocketmortgage.com/sitemap.xml,,,
https://www.rocketmortgage.com/real-estate-agents/mortgage-products,rocketmortgage.com,2025-12-10 09:19:50.366153+00:00,2025-12-10 09:56:00.862516+00:00,True,current_live,,https://www.rocketmortgage.com/sitemap.xml,,,
https://www.rocketmortgage.com/redfin,rocketmortgage.com,2025-12-10 09:19:50.366153+00:00,2025-12-10 09:56:00.862516+00:00,True,current_live,,https://www.rocketmortgage.com/sitemap.xml,,,
https://www.rocketmortgage.com/refinance-calculators,rocketmortgage.com,2025-12-10 09:19:50.366153+00:00,2025-12-10 09:56:00.862516+00:00,True,current_live,,https://www.rocketmortgage.com/sitemap.xml,,,
https://www.rocketmortgage.com/refinance-rates,rocketmortgage.com,2025-12-10 09:19:50.366153+00:00,2025-12-10 09:56:00.862516+00:00,True,current_live,,https://www.rocketmortgage.com/sitemap.xml,,,
https://www.rocketmortgage.com/refinance-rates/15-year-refinance-rates,rocketmortgage.com,2025-12-10 09:19:50.366153+00:00,2025-12-10 09:56:00.862516+00:00,True,current_live,,https://www.rocketmortgage.com/sitemap.xml,,,
https://www.rocketmortgage.com/refinance-rates/30-year-refinance-rates,rocketmortgage.com,2025-12-10 09:19:50.366153+00:00,2025-12-10 09:56:00.862516+00:00,True,current_live,,https://www.rocketmortgage.com/sitemap.xml,,,
https://www.rocketmortgage.com/refinance-rates/fha-refinance-rates,rocketmortgage.com,2025-12-10 09:19:50.366153+00:00,2025-12-10 09:56:00.862516+00:00,True,current_live,,https://www.rocketmortgage.com/sitemap.xml,,,
https://www.rocketmortgage.com/refinance-rates/jumbo-refinance-rates,rocketmortgage.com,2025-12-10 09:19:50.366153+00:00,2025-12-10 09:56:00.862516+00:00,True,current_live,,https://www.rocketmortgage.com/sitemap.xml,,,
https://www.rocketmortgage.com/refinance-rates/va-refinance-rates,rocketmortgage.com,2025-12-10 09:19:50.366153+00:00,2025-12-10 09:56:00.862516+00:00,True,current_live,,https://www.rocketmortgage.com/sitemap.xml,,,
https://www.rocketmortgage.com/refinance/va-military-refinance,rocketmortgage.com,2025-12-10 09:19:50.366153+00:00,2025-12-10 09:56:00.862516+00:00,True,current_live,,https://www.rocketmortgage.com/sitemap.xml,,,
https://www.rocketmortgage.com/rent-rewards,rocketmortgage.com,2025-12-10 09:19:50.366153+00:00,2025-12-10 09:56:00.862516+00:00,True,current_live,,https://www.rocketmortgage.com/sitemap.xml,,,
https://www.rocketmortgage.com/rent-rewards/version,rocketmortgage.com,2025-12-10 09:19:50.366153+00:00,2025-12-10 09:56:00.862516+00:00,True,current_live,,https://www.rocketmortgage.com/sitemap.xml,,,
https://www.rocketmortgage.com/screenshare,rocketmortgage.com,2025-12-10 09:19:50.366153+00:00,2025-12-10 09:56:00.862516+00:00,True,current_live,,https://www.rocketmortgage.com/sitemap.xml,,,
https://www.rocketmortgage.com/site-accessibility,rocketmortgage.com,2025-12-10 09:19:50.366153+00:00,2025-12-10 09:56:00.862516+00:00,True,current_live,,https://www.rocketmortgage.com/sitemap.xml,,,
https://www.rocketmortgage.com/subscribe,rocketmortgage.com,2025-12-10 09:19:50.366153+00:00,2025-12-10 09:56:00.862516+00:00,True,current_live,,https://www.rocketmortgage.com/sitemap.xml,,,
https://www.rocketmortgage.com/talk-to-us,rocketmortgage.com,2025-12-10 09:19:50.366153+00:00,2025-12-10 09:56:00.862516+00:00,True,current_live,,https://www.rocketmortgage.com/sitemap.xml,,,
https://www.rocketmortgage.com/transferofservice,rocketmortgage.com,2025-12-10 09:19:50.366153+00:00,2025-12-10 09:56:00.862516+00:00,True,current_live,,https://www.rocketmortgage.com/sitemap.xml,,,
https://www.rocketmortgage.com/welcome,rocketmortgage.com,2025-12-10 09:19:50.366153+00:00,2025-12-10 09:56:00.862516+00:00,True,current_live,,https://www.rocketmortgage.com/sitemap.xml,,,
